dni,domain,message
111111,IJJ-509,alerta: 1
111111,IJJ-519,alerta XXX
11111111,CZP-075,Requiere mantenimiento
11111111,IJJ-519,
20000000,3cdZdZ,X0KaqDGwyl8yDxqDZ72Rkk6F6
20000001,LTWCfi,
20000002,hNNwA6,MzfbK2h4OUtD5ZWHdweu7DKkA
20000003,85rv9V,KCo6L5lgZXh3iRyKWfxkvSAj8
20000004,Elzk78,SYQxx6OzyxdsnALPnhoKbyAkR
20000005,ZqF6Ca,ihL6FOXMgutO2GxIvAxkF9ypY
20000006,8gLHHx,
20000007,ud5AEa,
20000008,N5T730,
20000009,x684rN,BCqs9yeRcRJlZMrdweusQ6ADV
20000010,46P9bp,CL7OXBrV0aZiYeRUndgMDTfo8
20000011,kx6bDD,KSiGNGyZ5rcclR9ei5Db2LXJD
20000012,AUmoQX,VZ0GObIfWDlZ3eFRx0hRhoOIq
20000013,Q9yMYu,gr3oiA8jSlnA9RPbghoSfqBCy
20000014,OubKLv,
20000015,1SdInU,lX2MXp1O9gPOYtYRi44vQWPyX
20000016,Wb9RMh,PebM8IE3ktAB70WA81gQJSqPs
20000017,wgQNbV,UnbbBCBCn0pFO7mL7Iuiy8Hgs
20000018,asjDfq,
20000019,xmgjNP,
20000020,NNZN10,DgFvTf1HFq6VmldPCLp5oPdov
20000021,ROMCB6,5JfjyFqjIIOW7xUcu5OOJg70V
20000022,hhsznf,
20000023,9OQHSb,Kaf49IsO3P3TDiJBYpgC4eYg3
20000024,Egg3tF,ErJZ2jwgdwmPk3Sj9p33dG3kx
20000025,1yxZRM,
20000026,c7fkDZ,LIumeP1RDWoGQfBxbCoS0CPLb
20000027,JEzqYG,
20000028,JPxz6G,
20000029,UjJofV,mgBnFhre2RB39UyX28JbB86kD
20000030,CDo1HN,
20000031,U4KQqE,
20000032,sBIAF9,afcQSUehsA4oeoaueBCvUyZ9t
20000033,55miZ2,
20000034,jVT68U,
20000035,tg1gkC,wO5Gs6x2Q4YTly6PMpT8NvNTM
20000036,V3vUmH,
20000037,zbg0OC,
20000038,CtRFfW,9k3ftv9BlGKvTCp1hunuelgv5
20000039,h0zlLT,u2L4h7o1FEZKwasf4NvzBLxKK
20000040,3z5Z4Y,
20000041,AChi6I,xluKPm2r4Xi2scWUvrwYNwHH0
20000042,Zzf0CR,D0GTNI3Xg44eYCNCXwG8Lyo7w
20000043,l3KiZw,zKJu8UxmqwOsoDTTjPkKi6AAE
20000044,QlsljV,
20000045,Cr0kPI,qrf8bU7xClEl3XSSkocfDcA9P
20000046,056AcO,N5qhCsocF3nK19zXpiHIA1GjG
20000047,u1VFgL,
20000048,HmVIWk,
20000049,Xd7fQ2,
20000050,xxDZey,
20000051,T4pwJ2,
20000052,eH06Ih,
20000053,EgpDdW,
20000054,diSNXU,
20000055,P0MX3f,
20000056,cpRcMO,K1zCmatycsSmxlMvQN8dMRhc1
20000057,bzbiHI,AnYcnlkcenGq14nU1NJlvEzKw
20000058,y3jVS2,rAAhukQxSmfNEhYpWV4BbVRRp
20000059,zkFmFn,
20000060,1cM5gn,RWEAf025mYTrveIN8VfMrshq4
20000061,5EzsOu,
20000062,O9a5ah,
20000063,1Su2pn,
20000064,H2EHhY,8ZcYyQRnUkGmPhAjbLyLLIjCq
20000065,XSnHE2,
20000066,opxpPY,
20000067,pK0Tip,
20000068,pwLqrQ,
20000069,oKBQqp,kblDWurskpYHZ5sSmHczaxAGm
20000070,N9y5jt,jMgmUZ2LFCFWIUK5Y786QkFuo
20000071,XgueYs,CiB6gs3p2WbS13GWFvttovWdE
20000072,CZgfgu,QPp1mKToR5fVl49sYGmqEpebD
20000073,NHHcoI,
20000074,TdMWlo,
20000075,3RUwuG,
20000076,zWatVO,7D2OyWfeJGnqEovK8Dj3tItu5
20000077,E9ieEf,hLA3ak33jY62OxZe1C7p6E3Zl
20000078,s28OoE,
20000079,pYiz0m,QjGqS0MblgROZ7ZP8HGlAw2SP
20000080,AyqOOz,PDX3bc2QeG9grhXsM54l8Cf0y
20000081,LYN3fa,kDLAJsyrP4uK04cOt5Qhsyo0L
20000082,sBv1if,
20000083,wEJsW0,D0TSkNTO462blp4iHVnIVnXum
20000084,At43tf,
20000085,5ui75T,Ox2WpJQqXXDiBfO0pk1pHBu1E
20000086,TW6Q75,XLqZprMkLjzj4nYYfKR8lhM2D
20000087,j8oQ9r,4xS5TNlVr8AWYLoPrdzv5fFNE
20000088,Py93KX,
20000089,2hnU04,
20000090,XpUO3w,
20000091,FibvhO,
20000092,4MUyRE,M7sqhbjFjtMxYOcGOlwjY5Mil
20000093,qnl1kC,4oz3pRrhu275nirgHEn1HyENc
20000094,BOPxx9,cFzEvA661gOYAWsYYKRko7ZBZ
20000095,KsAR6q,06YEdM5YTAmiGNNVfbBaxtcFH
20000096,H0yOQB,QbxSrX17YDec7fFpxRiG7U8Vo
20000097,OlYfDH,6WoTtyGf9DSVo193q831nhGhI
20000098,CZUYYS,
20000099,2TqRBD,
20000100,VdrFjx,Z2M75GR8695Ey0q2c3K4BS8H3
20000101,ATO7XT,zIqztMS7SkFxBrh3yvmz6qFpS
20000102,wILuBC,Vnc3GqUVxczrFCAnfeQbzNcLo
20000103,frDCCz,
20000104,WyJF0Y,
20000105,OFjkUv,ONSSk4kys5VbNha81RYBO5Xs6
20000106,8ECcOx,
20000107,q4x8kM,
20000108,wLWMNv,
20000109,D4Tzej,
20000110,64t2sW,2c0Tq7UTTBA3tWiQrhcWJejq5
20000111,WiMGiE,hxhhKwEvJtZAclQelZiiRFfmG
20000112,jdg5Zs,
20000113,vG4esm,
20000114,DYt01v,
20000115,eD4Z0I,
20000116,jj4sxI,
20000117,r8Akn3,
20000118,extwmU,k0nQBDUNKXghuqfLg7vqavfGk
20000119,hqpEEm,IHP7u23kQCkbfMxyNL9fpzNWw
20000120,zENaZ2,M0CVtqjm3gJ9hymS688KvMUBq
20000121,O0ovo7,pSGzmaqssHCFMt3yuxpJTZhzY
20000122,9Pk8m6,
20000123,6dwtxq,
20000124,IykKCn,MhK9X5VOutK9uLJMlCu7Ugmsm
20000125,VzFlLv,
20000126,JZEzpc,WRQFYMvePOI3yy51Pyc70KvEh
20000127,ALVOwi,
20000128,XOKCVH,
20000129,fd8B85,dVE5lu0kiasRHP77Sjg52vW2U
20000130,1SK9JN,lLUTgKE5QcGdoFKECTkxRyAn8
20000131,LvOd2C,
20000132,iUVl0X,
20000133,S8Lmkp,0AWhZP1e1HsCxIXDJW7as7xq9
20000134,JSYhP8,
20000135,UYCkE5,
20000136,xsqEVi,QEsrIm8TCsxvzMdyjLL3QyWLa
20000137,7kAgcX,Jd6V1k6aYkQY3tjDG2C71eGQP
20000138,3nKrlW,bOtgadsy4x06ISQlXJHXGfbLL
20000139,2wf3jn,
20000140,k0s6XF,
20000141,IfjyNi,SHrYCdIEI93rnpYG6feKp5eRs
20000142,eqPuNg,9E7NRhtEP5rO3GoB6YzW2U7pn
20000143,rcyjOc,1OLxdWwUselblmmBtAMXPwznE
20000144,q90q2D,nPLNgrIHokOA5y0BVx5CwXDpe
20000145,o90yIq,vgyJV1tsvMqryWgDlUlndBpXT
20000146,j7foRS,22da8YPokLs42fJs9iwYZvyOC
20000147,nNyNw2,
20000148,ElGgAm,6drEn2wD2GbKoFJG1qb1b5jXN
20000149,ufsZcy,
20000150,MWrU5w,
20000151,ApsBgj,aLy2AQeQ106WQ7F1VTNF5pQlT
20000152,VPyhVc,cjlk7REvTl6TBNeIrSdjjYNK4
20000153,8SU9DU,
20000154,cQIlVg,
20000155,Q6fgBp,IJfTkapbKl70vn9FCwdUyaCHK
20000156,Q97P1r,TITi5ZvBoWH5sZyMUOaFLrPoS
20000157,p38OzW,iTsl3pG3mTlbtPLwlPiptKhWg
20000158,2VSBsP,
20000159,d1BdMJ,
20000160,SjFj4h,xwOu00M8JKTKe8y4OYGrwGjCt
20000161,PKIt4a,
20000162,cLozfl,
20000163,ZwHICM,h9pIJkKVhAS10uq7zBUZ0bXl8
20000164,6Zyb8I,
20000165,Qm0HEx,MS7gRihKkDSyxn6wy4pphfv8Q
20000166,EUm874,
20000167,OMLdxE,LhjJT2Wvy48yu9drXhQut3UgP
20000168,s7pzS6,TSIsEofqX573JlhzN4YPdL59M
20000169,dDiMa6,UrMoDbkBCfvejiOySsV8LFBJo
20000170,LkS8gg,
20000171,a8BQk4,
20000172,QDIFKy,AivrObwrhD8aqUhVRk2hQpgw5
20000173,BEyx8q,
20000174,5mtbo3,
20000175,jLuo3E,XLTJtSX5o8SX6ZI0qjhutNMXF
20000176,iqWQJN,Fu529Huo8ScAMxvHOq6Pk2bx1
20000177,UWT8eg,iVGYPVk7sw7PlQuwrIH9UJ7me
20000178,TOwguC,
20000179,3OvbRg,
20000180,ISrVrb,KJEPRoSgM0zXyKJwwpQAmSu8q
20000181,nAfjbv,mYxNdqNvYh5xLDAZdq3aEnXE8
20000182,QuZq9b,maaRdA3ESvnFo4IWxYQT2FJPn
20000183,ZBGG6K,
20000184,R23jf9,SsAPaGLc8dpeAq4nnO4rdVCde
20000185,3UoDX1,
20000186,W2z0yT,
20000187,qWvnPr,
20000188,EKEzby,
20000189,TOiYdQ,
20000190,nRQFAB,
20000191,sK0njl,ToR3lJZrVnGzC5jIvAdclgg68
20000192,OsIVsl,
20000193,geL66u,
20000194,PCmPo1,
20000195,vmTll9,
20000196,xTH43v,
20000197,5biFw7,
20000198,h4UDoT,L5rEE72DinbrROA2mzGjomknS
20000199,bmS0Hz,mCMFjcxW6oE9xsrGzzlsCXGK9
20000200,AI0Wy6,
20000201,Emwqin,r4p9NIixv4O5yIJIlh1wPn3Mi
20000202,ZN4Iri,sT5I5GMctoR70nEt1tumpvDH5
20000203,Uuija2,abKqRDv74VVBVHFwDYzIPqZMF
20000204,4Rmnf9,
20000205,4ddtEv,
20000206,nLiecK,b9OyWqwPJrJzGEiAp8nUiCByo
20000207,CR0bMg,YEsROVluPA6PuEUBKoTEPT2xL
20000208,Htdb2s,ZQHmQvcaG2rq3OAXYKd7RypxL
20000209,vBjavQ,mbe7hBfRCiyvxOtsnUcVHmpBz
20000210,EwDuPb,hctdPyL3ZRimlQtqMFbOaSRb4
20000211,2KOmY6,
20000212,WUZUJ0,
20000213,GUsAnq,G6KICSeuuAqHN9zxn1pQafW1p
20000214,j6X0XJ,
20000215,aSbZFT,hMPQegG0yp329FIRaM40YhCjm
20000216,D3JyG3,
20000217,lVuAox,
20000218,DfQIF9,
20000219,xVU2mS,YKB3wih6rRuwLs2wr0YIJK4F6
20000220,HfKZwy,
20000221,GpSRoG,
20000222,U9aSQr,
20000223,1G1BDE,Lrufd0Q08VeIO3Ofs06bc39vE
20000224,0NJqjd,
20000225,gMAuOW,wbLR73dJVTWU4uBfHYXfMznVr
20000226,l2A4Mx,
20000227,DJC98p,w0uaaJ8SjDQ4xi5WBFXT0mDLh
20000228,S0AGq0,
20000229,N5Qx2Q,
20000230,XVsxXO,
20000231,mnrsSd,
20000232,ugU74a,
20000233,c2g4Rb,
20000234,YtcMnn,
20000235,Yq593L,
20000236,0eJKJf,ZQZlnRbgJebrE3xZf9ciUZO0m
20000237,GWp839,G9ZI9MnBLrgAKowDyClBhDG2p
20000238,FRK28a,YfCCNEwGgV2Rxdqiyyq2lb3Cm
20000239,qJQa1v,
20000240,67srpg,
20000241,57A6gP,
20000242,6t2AxE,
20000243,iYH8Rn,
20000244,TBuHc2,
20000245,tSU7P8,
20000246,XzONC2,uBcG4fR5XlbWQkM61FQ17wABs
20000247,dTUiC6,PFevKaUkE39Gxeiz9OlbxN6la
20000248,PYiXHk,OPKtJTvuvqMFza9l9ipsFHgZt
20000249,lYcm9Q,U11nlpQENVIsFI39vzpRP7wyh
20000250,YwdeyS,
20000251,pEOCXm,JSo0FSok9HpgsyW63jpFZmZje
20000252,2PePjc,9LANEIqytvY2qX9xz8K3h4X9k
20000253,n1YJs0,pvOxsaNK4XdsbN625xx9NO7gs
20000254,VjDNgW,xqGDwxGw5HCRX0itIKWf3sM6O
20000255,UbFQB7,
20000256,nuseBc,
20000257,ZhlK43,Zg3DSRpJ57Q9sOTxpSIX7IqDo
20000258,dhT9BQ,RzomCQyriFNASoIydXOgF2UcY
20000259,RxJGjO,
20000260,AnXtHy,RizJYqSKob6tHNpeLef4rx6K8
20000261,hv1W1v,
20000262,Cri40c,2gZGmoEPfvRY1ksJTNGt06H3g
20000263,ogzyC9,t8yIXvIyNmmM5l9jXFuXaYVlg
20000264,HG11J2,
20000265,zGZEhx,
20000266,8nllIQ,DLwTi3RDVLj8lVOg0xf7L09xd
20000267,VQIuQI,
20000268,wPedcS,94tzMUUYkM2OGCSDBSkCu0X3b
20000269,UadZJl,LoTpQty7lcdThZPr8ToEbZEe4
20000270,iHh2tk,gtWPtZSQnL60QSrt6a0n5wGsb
20000271,TNc4BA,0pq2hBjLkQCCOz9B6vJG25OFO
20000272,pYZycR,
20000273,SywORi,
20000274,eE84cU,
20000275,FhQMHe,
20000276,ANZTHV,
20000277,Rvn9P9,
20000278,a46IZO,
20000279,33yZdZ,YbTEK0D262xEnt0kjjMLhm56d
20000280,mOv0Xp,u3dVvqQaIWrZGQZmp1xdUseFS
20000281,I9d7nM,b99oupUa56S3pf8vyf6IW4dRQ
20000282,3GmK2T,
20000283,OgUvzU,
20000284,x5ujdP,D9osLhjMRXNbfyXXR4KauxDQn
20000285,Zv98fw,
20000286,FIm57r,TsP9OMdeP9TyHfSXqb9TjWZ10
20000287,vEOyqL,ENb5u7LM2MrULaV1FQZUJB0uL
20000288,6YrQ0x,9VoDiz3YcyoZnuLn9izF5Jiny
20000289,ALPqIj,xZWLW7DESAqXIlYPuF1ZYI4uW
20000290,nQ65vV,2PtT9SrlT8ftnGD1YyBDWnD1M
20000291,Xwpqok,9Ey6oDHbGZNcK1KKLQ2JwmvR9
20000292,hfUgOV,
20000293,vJOtMd,npDJXkYFhyZHPKkL35GbA9LNm
20000294,zsFRkm,3WQ3otoduPgdlHrct9mu5CxgI
20000295,6sjfi4,0kksZ9MXGKfD4cBEIEBvPPpSS
20000296,9Axmtz,
20000297,L0qbPt,ogXT8tf8aEwnD22yTfzTtMoHj
20000298,T8inDH,
20000299,F6P4sk,uCjlOKt9uj4KX7K5FRBownEaW
20000300,vgHLQO,
20000301,kwphfD,
20000302,KSlYpV,j3P9LeYXVXieMCvFzkFNWBqs1
20000303,yjGPO8,
20000304,jT47v5,ITvh7GAfyU1dvUtzDCykXptqf
20000305,TqNF5Q,
20000306,kgDbLn,
20000307,G7hLtm,zV1YktUfDI7c5xpWRk85hp18e
20000308,3tHSGL,
20000309,IoLzCU,
20000310,7yqgpj,
20000311,CHU3KA,
20000312,Z5Zuix,A7vrRbq85HyEBIi7el8rwLBuM
20000313,W4RnjJ,HIyoqYmeJrGk8w5McX6L24pWF
20000314,QaMRhV,9W1Yc2MKoij3BUr5SRvsrZ68A
20000315,7boPUk,BUSdg1tcsGDrWI3Yzd5fQ40L7
20000316,i7R6WS,
20000317,7x7UNp,
20000318,nzhkMn,
20000319,28cdpi,oWy9wVpZyZixgccJZ6ihVayMO
20000320,lxazst,
20000321,MYucgq,
20000322,Zqkmn5,
20000323,R89gJz,Hsx8be3Nl43RMvZu3yNhTccpa
20000324,jiFRWW,CS3k1OLFNMlCm4ZWCM48cgeQr
20000325,EbDrwH,
20000326,CHmfhM,fu1vaZN5hTzVdP9AtPRaFwTEk
20000327,dv1rTY,
20000328,CclecB,
20000329,5mNVwX,kx1lh2PtFKOaxCM63V6Qpbq9f
20000330,IQIBQJ,
20000331,vXSUqj,
20000332,rpslNW,
20000333,CIrAKB,
20000334,gkd2Fp,
20000335,5LI7HK,pfzGTyZMH6eF3Mi47a2nZoAsH
20000336,r4tBuV,ge1GZkz0jwVowV5aFdnaTmF3J
20000337,eQlUB9,jxh0xDVNdPuq2rhb8KhhK3tLo
20000338,FsBWOR,iC5d1eyks6qwNoAwthsNdWp5q
20000339,5juUXw,BGUOA4YNcwgS9Byo3aK7C9iZI
20000340,tLudyC,3WPC6jmHWxbxAKstKQyMd9jY9
20000341,5azCwN,
20000342,NZrf7E,PuQEHSMwten3DfvlyPdjzzca0
20000343,Sp6N1M,
20000344,39SiCJ,
20000345,cOqSU4,4CIhGNzhoBmEJ8UQmnYTl0BCp
20000346,XLFJQj,
20000347,VVtvyw,ZEXThlVDJz4cJaxiohqAihedB
20000348,qvHtbC,hoeA1QcZUGsZ2grZuhsEJVezG
20000349,ngD0ei,
20000350,XO5mxj,n6QJyXouw7qrDPcJtHeaJPr8B
20000351,RxMQ5Y,DsbUugc95qxHFcfhxi34Kleic
20000352,ygVwrZ,
20000353,Q7vvWe,yn6bzBQkuFShfXxxiO7YJsXEV
20000354,cxMQH1,
20000355,tbgYCO,
20000356,o3lPsO,
20000357,A2OvX5,
20000358,Rt6Y18,
20000359,iKRFrR,
20000360,8XdieR,JGCsXjlZ0j7TvaqRcLXqoHD0s
20000361,N6zv6R,
20000362,GYaynV,emHxl4ESK4IsYdKyr2Ky7TWLS
20000363,tPa1ID,GhwOtp1BzbNsl5wY8jm5EXGMG
20000364,3E3EQ3,A0R8JQui5YzY3OQQxO4zCQyeh
20000365,5xkY2d,PRvppvc9ltagqUW48koe1Gu7o
20000366,4EwUbH,BdZWegPvvfj7JweUqSuNkGGXS
20000367,Eyi93H,ceMJYX46NmEG5eSPYPO97u1AY
20000368,GPWjBN,oZwZtlj47jrkGIfW3N9bX6UK7
20000369,Kpb2gs,fQoQ7G9txXxNDkCSvfjNiynfs
20000370,QcsWxk,
20000371,MUlUH2,
20000372,9DnaIx,IvJSfL8qLnUbS7aVhtMHpqOp0
20000373,jw8klf,XdpOSOXZ4tFBdyrJ0HXexTbwD
20000374,acx8XU,
20000375,PL10Wc,
20000376,g6jh89,
20000377,Pl2gJx,Ha3CHxhKyHRfhA9mNm7zdMi5j
20000378,e32p1B,
20000379,sqX3mf,
20000380,AD8hab,BcuQQYoOsHkYHxvhD0vIn9PoM
20000381,8Sx01P,KNKWooThJ3NOkYblmGyUjO7M1
20000382,3jHO4p,
20000383,E11Bvh,
20000384,zsi5yM,
20000385,WZOLx1,
20000386,EzkRgp,
20000387,YmF37h,
20000388,OPIjNj,
20000389,K6viFN,vNhgGuKI1uzI0dRB9PDUlPBVn
20000390,hK5Y7t,
20000391,uMRo8y,
20000392,bBBC1b,1UdgvuxDnLllO7ZHVXzg7LpHy
20000393,cYCwoD,
20000394,TGUcbO,
20000395,KZT367,
20000396,jEqCZw,eAAkJarnUwGr0QmY9q6nRi7Tt
20000397,2yzwbM,bh0xQevRj4LW4l1urlxw7uWrP
20000398,ruuaTo,
20000399,MEY4zN,w3qopSN9zC0HfqOoFWWBimeZD
20000400,l8UHas,InjuHdsy0PV8GalhjrQQRPsRj
20000401,j2wL78,
20000402,JimslV,XLtRXGcqGwTcCpFgiC1GLTrSi
20000403,AP0ZnC,Pe7oQ4WCGXNqhAQxLw2TpYYak
20000404,jxNjeU,jdlMvvc4FUENU3H9hcCOtPq9s
20000405,zVRnxD,
20000406,lB73QS,
20000407,uv7po7,9bA4HydC6ZEmd9sLV4QEvTp3P
20000408,gvKuiJ,
20000409,8RDnnB,cWZnaTMpQvPE1jLcIrw59yfQi
20000410,LK9arG,
20000411,KvMEO4,daip5XCNcgUv6xgACdlyGdGnD
20000412,5bSQev,7Dhg46vMyz0HNzx1i510TZJ3z
20000413,s3ABE9,
20000414,E5OCT5,
20000415,w1OFtQ,gm714GC6qlHN9uVQi8J4UTbv9
20000416,zTJwRO,
20000417,chmaVK,qtnYRVDYWklw9q3x0Pv2w0wnB
20000418,86ZSC1,zowHtZqm4T1lxSa5AufvUyG4K
20000419,sKd26s,HAehdPI9uElARhuTWgNIKl6xJ
20000420,Qxwazh,
20000421,mjBQiY,mwkkneOiXzuS87qDWQV4gnXHd
20000422,kl6mwM,h2bvLX4kPRLXglfHuYiImy7FM
20000423,KHtJjf,
20000424,Ne9KdK,1lh2BqFH8jSlYcoMUiSGa02Jk
20000425,Y2yjek,GfKNwjHMh21hAtc2gVJM5osYK
20000426,CnpBCg,X54roFCLrYS59vJTkEC5D4wU7
20000427,2wLZas,
20000428,VU4QfR,XGysmEF1BILBuaGbmVD4cUm7j
20000429,NjTwzg,EpB47xWzDZYWbJw65L3lKrYEf
20000430,fFDCrw,daXYiI8bOAyxYDl9r7JRAIHdC
20000431,vwJNtq,
20000432,Bgo7Ui,
20000433,2woLWl,En3SlKp8XUQDXzb0yDWog05u4
20000434,Ftg2oh,FSyHhaBi3UzBBYxxbeeM5I7JX
20000435,0vzIr6,M6SiMsNc2vRxvwcKttdjwfJLx
20000436,soVU2Q,mJrdPjvNhc0m0Pw86zVWh9YGZ
20000437,SKV596,Nv3KQvV5j4QOyCkm6pUrcBG5F
20000438,ko6JMn,
20000439,5xv8pn,
20000440,X5h4Ia,
20000441,nbw2EG,
20000442,PEk9cj,
20000443,54Sp5G,
20000444,E33MlB,
20000445,5ISfdq,
20000446,WWr80J,
20000447,bhoIJn,g0QuYfECPYS206Z1rIYfjGAwL
20000448,1vSZND,
20000449,iDtDRv,pDln70utBYAFD8j0HLIFbdXcm
20000450,hOzFr7,
20000451,zwSBfA,
20000452,aQ1Kl5,hrHbch5OFyZS5DZYeY8mFoNwX
20000453,xNaFbW,u6kYNgMYOjBqj0rUgEfTM3Yse
20000454,6C6aBu,RIyPjqTcfWQBm45dRdQlZpzn8
20000455,RCEfQM,
20000456,MjXLQD,
20000457,JcdtlA,QqYVPImVmkKyOUoJkSbWEe0oX
20000458,GhUpSL,
20000459,KBjLeb,
20000460,4R0Y13,
20000461,g6wqzX,NIss1RueGbbgXVTx1UXYeOwOj
20000462,IGPvAN,DnIEPlXCJXCysq1RQDdNmtLNv
20000463,ecbdRL,
20000464,Q1CZG4,
20000465,zUulC7,
20000466,f78lox,
20000467,n3Dnra,bhZY2ElQK3QgMAQ8lA26stNhA
20000468,wvPeXF,
20000469,KaJ84T,
20000470,uJpseJ,TlgeRtiwmNVYqZxMixYYqASYl
20000471,yJMSKH,Bmh16dVytzbcFeEIroL4XTyj1
20000472,TbMK2J,Udffwo69XuT8XLkX4jXJz9jIK
20000473,4We4I5,
20000474,Eu6bdY,
20000475,bplj9x,ooulYd6i3g75U1h0bwUakaYCv
20000476,QOYSEf,uRidR3UwcIs1zuo98D7hlM6qH
20000477,32de6K,
20000478,ZNCemL,3xVsohrOqMNl8vLCWmiZiYToK
20000479,0TNU28,
20000480,ixUJTA,
20000481,ALdWdX,
20000482,RzthsO,
20000483,IBHHaz,zPM4d0aAC0DgiSvJa4Lgql684
20000484,tSC4qy,
20000485,8sLhi0,
20000486,rBwdt5,
20000487,yo9QXx,
20000488,fMs2ol,
20000489,FNbNqY,PUm6qRAEKwyhdjeLMMkNskgyY
20000490,8vUj3k,O19uDQzOAWuddlmbHm9uR6SkP
20000491,CO9wLl,Zh3aK4YHXuqoyALVxXEEO6HHl
20000492,13s1Vd,ctRvA6o8PfYywBBG3Xedc5r9F
20000493,VsV1OZ,
20000494,1ue3yN,
20000495,FHwePC,
20000496,egM4Wu,
20000497,hyiTfR,XtG3Jt96jXY8RkAFou7ZDBcrd
20000498,q85SZc,zLny9RHADC6CQZ16bCvUT8M2Y
20000499,BoEYtV,8b2wQc0xns2QpGPFVxXdNQNnq
20000500,g5cYIG,
20000501,owPxIM,
20000502,TpLYhq,
20000503,VEl3Jz,
20000504,aUdauf,
20000505,MaEu1F,BWPIaNWftDY86PIpqNKzvOZqr
20000506,unVT8I,
20000507,E3xrwE,txc7QWtkdsWh8n1khMMmkpcuU
20000508,RQzcMG,wD2ob8hvmgAWtNCIeeJDYR3HM
20000509,oTDkQ7,13SkRfyUiShnuVVVpGeNGKg6q
20000510,C56uQG,Hh3UW2Dml7zgWW1o0vV1YMnfJ
20000511,FBns9e,
20000512,ZBuqKY,
20000513,ihyfxA,cIX9fC1UkgDnOu914Nm7W0eEJ
20000514,BcVGA3,
20000515,gqn0yz,
20000516,0JB0CV,
20000517,ecSiHa,KrlTGLqOIMqWb9d8h3wYoQb4r
20000518,BIbAyw,CgDuvQe0ehslFzgbcdmDfqV6m
20000519,AXiROb,tVqiGgDTSS8ZKXlZj3WTuDZJo
20000520,kpZ3A7,PAWfdjWhlDuDCCIiLQWsaZ7iH
20000521,LcTpxX,
20000522,xI3ne8,7nNMzfQTPVDyLPMMwTty6rsRq
20000523,dKF0uO,
20000524,Fgvxbd,
20000525,Et079D,g4OLFwmxfdcG065NJB3nc5vAt
20000526,8Efn3y,QcGIueyvCUHE2tgCaBtoczGSs
20000527,zbfxCQ,qzWj3yp3MGjxCpKEASUaRE3Kb
20000528,0x8esE,
20000529,rji1Yf,HpGQWaceeO4Xi1CRkxz4wgQO3
20000530,Ec0sqe,
20000531,6cE0WS,e0w8umlZ2wcqy8JwYZwQF4Qoz
20000532,hZjkG5,
20000533,MHEQ9y,
20000534,bJ7Vmy,
20000535,5Q5s4C,
20000536,a0nCiC,s5P68ViP8UF5KevAaEvZRKLqM
20000537,DSISZl,
20000538,iUkbHo,dr5LSiODPaXm44axop5UDLkdw
20000539,FTmxo8,gDoihzkS7f4AZYpHTWuooCrIH
20000540,1p4rRw,
20000541,5lVVaR,
20000542,ir7fY3,
20000543,TOl3tC,ZIS3cGiyPb5P8zrrpYqQlKg6M
20000544,KBb0ye,MEHolNmUZMZTtsFMQQxaEYHMs
20000545,EngFBb,ZDzk0aoyf7gwOWwYi2Up5cisC
20000546,neBSxf,SwbPs14y6WXrkXhaQ2SFHdag7
20000547,fGAxOO,Io00Ojr2wOdiT99Wp5Sk0jnXG
20000548,FiCSTc,cHRdaNURICmmVxnVwbpXWDOFM
20000549,WNVxJH,
20000550,jBW52A,
20000551,RZ69GE,
20000552,nxI5yp,LrKL7pnlJtCNeTq7Y4l1B8T7R
20000553,WWseAA,vAuySY9u2J5wd5MQBTdHjOz67
20000554,fAEpEf,
20000555,sBLfOr,
20000556,H5CaMZ,4vh6aJ4hU38rB6VzqP0MUNDyx
20000557,A13MMx,Xvi58k1iBwU9LdMue2dLiY2t6
20000558,i7Sy0G,S3euj8V5Tz7HGLE97SLeTl3N1
20000559,gvf0nX,Y2UUktl7lxLgoUXDn7FFWOfxD
20000560,vpsL7Y,
20000561,p2xL3O,RK6B9KujrgpC2VoecHrlybPft
20000562,wdSTAa,mJQL8mkXoCLIGPAwqEm6O4OHH
20000563,OcO5y7,
20000564,mOnkl7,
20000565,Zrxtai,PETWKXRaEPCuw9jkx7P2O1A23
20000566,P6C2SP,
20000567,0SKPO6,zqrOn5dzeGUgMBtSvzH6QQhxT
20000568,HHj8Yk,Dfqgdgvf3NODYQbSJE9pyqFQP
20000569,lfckQj,
20000570,eVUToF,
20000571,8wqliH,D4xixgSFS8MQnDsKftf0dUQGp
20000572,jgss9U,S9lmQ4NKgqYMwJ030MdMvKry0
20000573,klygF1,BCXbOLuTGzDqyi7qVpyGSJBeN
20000574,RrqPkk,
20000575,8oAZia,
20000576,tj105i,
20000577,I4sa8J,jF4RU66MYpgq9XTFcYxtL2veL
20000578,dUpaD0,F8WCLAmthi0V0GN62TAH0uPy2
20000579,PSgT8j,
20000580,lJM9Nc,
20000581,78aPvr,
20000582,poY0L5,
20000583,aMEyx5,6p0oXOylYEqCsXDxzB42zmhl9
20000584,nIcrvs,PNW1zcLmWL4U24PHJFnnXA3NY
20000585,YLcJs9,osNhYcYF2BW3WQz0C3hakyQeL
20000586,xhRcsn,n5xjZWQBaSnxvzWIKP9iBYUUZ
20000587,X1jSqP,SfI3OQqRgBlHJiIzebymX3afC
20000588,NvX8Up,
20000589,bqF87E,GHLqvBjVbUJATuNbeaWxxPpMt
20000590,p0oIC0,G1u43u9MUd1ACxIIL5mILTWOj
20000591,mAJReG,
20000592,WEXk5Q,g4dS2ALUcC60dA4ZjNI5tZXGi
20000593,g8TvXp,KBSLJt1W5NupKRhuGjvHHLIAW
20000594,cYXDDW,hlpyvMNakAAIdKKNHuxf5ne32
20000595,UpqtiZ,xqzU3ExxhYhEswpXtgIZAIR0t
20000596,jCdYim,zpaDfv8UxX6375k0Rvdb1lLIY
20000597,eq7vLj,695FF2Yrug4S7WVR19BzBXUcE
20000598,1S17yS,TgkE9ntUByKREUQyyKi1VZY3Q
20000599,D7TJzW,
20000600,o5ykwW,
20000601,XN8X0d,
20000602,8UKNJ6,
20000603,DPAf9m,
20000604,isyaGu,
20000605,czyyjv,DT6YmnXxJpAApVXFwos1cxGOT
20000606,2hryPs,
20000607,jYivJr,
20000608,dO6o1B,
20000609,okbWXo,W6x4ihvnFcraBdDl470FnMiTi
20000610,T8VJno,
20000611,vfJN2t,rNWL3hoJegGmduq3osDeCww4V
20000612,mUy8B3,UBOvWJWLVdJDvp3vnJukMsJ6O
20000613,0iFkov,
20000614,PmlDAc,
20000615,FZIG0u,b1zaxNPAuvpSK7uo0AUyDjpI2
20000616,Loqd8q,WguBeIdPZbZLWWFszdlVQiAhS
20000617,pVOwNk,
20000618,F1Gucq,
20000619,qnjTcu,
20000620,hySCtg,
20000621,fGa3wv,uXGN8jGRpAZI5OHyU6YduWBJa
20000622,5pfGUx,F2PqyYr8fGEIdagC2OGoLWasn
20000623,kYv6Qf,3hawoFGmRUZO1eQg5UBFI01It
20000624,tPTeZl,fhOd3PBnJcZw2YIb92HB7wSQ2
20000625,fifGxf,6BgzzjLrboklJmGPBA07t2rrz
20000626,n0uVAr,
20000627,nFEJJp,
20000628,xhDvNR,81Eiiw9zGdeTDOFKqepV4er6V
20000629,SfvPFF,
20000630,jrvkZy,Ea4L2TXrG0Taa4Qzs1iLOqioQ
20000631,IVSDtZ,dPkd9Uyit5E7HKtLu12cgXgYR
20000632,UeXXc5,gi0blRpMayH5nJFaddB7ZaSAz
20000633,i2u2l8,
20000634,Rsnvvw,ksb874z62lrvq5OmesSUJPIb2
20000635,8fA3mF,
20000636,yb2NSl,Yc5lC8QjiqkePx5PXF7bvfdNH
20000637,HCA63N,
20000638,JfzAOD,
20000639,tTrOcm,zeSE7pMI2ynBaLE1Iv8ZJK27G
20000640,VzyuKZ,gFacTQzwoO1APsgafE6PdAxRM
20000641,YjPHj6,
20000642,MjE3cK,
20000643,aEksbX,9H8pK4zzyNwB4JBPzAbw77x2S
20000644,JPM0Wx,sze8wFEsSDJDm8scEM5Ped6IM
20000645,TwMFTb,
20000646,ftcN8W,
20000647,eEp00S,ItJySm4JItUtYje53zZZtZjZD
20000648,H078nY,bUThceplZghRANdoGNTtFMtFj
20000649,AdecVr,FslVlP4XUGLRLjZu4b2fCCCDm
20000650,3w88qa,
20000651,Zq8yYv,5x46RZLPTgJqvQhYeXnk0JeF4
20000652,wWwDVo,
20000653,dvzwqx,YYSqfthUNskPJtjLOAQCiokTt
20000654,xUmBTH,
20000655,PyXK71,
20000656,T9ucUB,
20000657,fAuJLw,y2dkKxe8wk5wpoeIKUfF9neQr
20000658,1gUoO9,
20000659,mg6A5D,NZEjjxorwXEOfaqnvf0xz5nfU
20000660,K8EDqv,
20000661,yqfGcD,O57iGSaqLmAi9CbxYrw9IB6DB
20000662,RHvXTW,
20000663,v4fcLi,Nl3YpOovnXWg8dRV04hoGfIUk
20000664,qffGsK,msTaJDYUfeksEa0M8vzjB1T4f
20000665,GhPcZR,
20000666,z4Bg08,
20000667,WPsRJc,SegxBVKWx5VjDrXtitCWyBHRq
20000668,5792Ca,js0u5BUOhDw9JQZUJy8PN33rm
20000669,Luo8yo,7YMB6d9hscu3mExN3hp8rhdVV
20000670,vQFb6b,
20000671,07CR6J,bzs01TXexxIRFxGiOYwN4y39r
20000672,L7zjLo,M5c88Bdc86VTGsooBA6feoRRv
20000673,81RYfP,
20000674,i8JC5T,
20000675,koujti,
20000676,FTYtUh,
20000677,jhWpL6,BGDgfSQ0wDn3AT8KGukoUacsa
20000678,GOMTsA,
20000679,Pc13yg,
20000680,Dftkhl,
20000681,UmhcIs,dv922AxZHkar58xMkLFLajCR2
20000682,zqoozs,
20000683,6xTZBq,t2TDxJXnWsEVzKBAdsufvoJWi
20000684,g9lCfj,
20000685,35l0fN,PJVg8JWi4yG7eqgX33JOKIhMH
20000686,iJrrU0,tnAJOqX7iQAZAFLv2zLcKPGxC
20000687,hN8O8R,VnraZNvwwou3drqAyHSe1K0Qj
20000688,bwRBeS,
20000689,Ti85vD,yL8crlpoLgGciJbw64CXl2LPX
20000690,V6Purf,
20000691,U4pDZo,
20000692,rGfhMc,
20000693,NWKeJR,ZypZCJjkGHrwccgCQ2rLnCVyY
20000694,N0Ppzr,
20000695,8UGExz,O2fEHAFrJAVDpPWO7r28y4IoD
20000696,nV73sF,
20000697,Mylnh2,
20000698,3Z7JpJ,
20000699,Ntzukg,
20000700,SceJOT,TBfSmI7KVlpmDZmKLWjgUJJI4
20000701,PXKYco,LAStH1Stpsxa16KVXmJ9EWuko
20000702,YC8H44,IGkDjsTv8ELegNCA2tufUXVew
20000703,5HHuIF,5sJ5E5KUfZcsz4VFPPEeaeVMI
20000704,xDHnWz,JcaqSOUHHCCW2iaZcgAu0b94A
20000705,j40zAW,
20000706,Zvwnlf,xXMVETdUcNOI98i6r20uPbDR3
20000707,g7dRwu,
20000708,9N0xZv,
20000709,s2nIf0,XqVMenL7NMYwEyn6iMoPxBfWN
20000710,ZLo8eP,
20000711,ane4Vj,
20000712,nd7mjP,
20000713,4IKTA6,
20000714,jKmSQa,3s3XzhQUbXoznFhoAhTgdaXQb
20000715,FtueHp,
20000716,HF66Q9,b6VFWoH2JNr4xspH3HhQK4ZwD
20000717,l4EbZY,ERvS7CgR2diMWAZ7PCcUxmkvp
20000718,BN0S4Q,DTkk9ayeNH6WitX9ITZG3aKkX
20000719,SVzbPA,
20000720,qU51As,
20000721,wAIBZU,vgo9FPmx7ESz895nIwbCKJmFG
20000722,0AahYe,
20000723,oyWpAl,2resbbY0SEsNWjdHgO9aOyZQr
20000724,yhikIN,VTPrgExuG5YUq2rDhR0WfEBta
20000725,cdKoGr,GgrPAm9qSTLhdSyTrJFQW9Wmz
20000726,yDbMfr,
20000727,t9boYk,j2fBVNukmF3guvava4m9rN8rD
20000728,CbmkzK,ppgFASKibxQren3wRpbHTvWw2
20000729,2vtu9c,
20000730,CzBqcL,
20000731,dv1glD,
20000732,qFx84y,
20000733,Ptmcfu,8MQjc7b1esXrrnfkfLd0UyXNX
20000734,FIKuhD,
20000735,dFY6lw,8pPn0aMrh3KbaUH0GG4gFRQaw
20000736,eqQwf1,Sowa6AbmKbLoTFe2CP1HlnYma
20000737,HbJYv6,fiP8ZYF4wBx9U792MQ7Pnk117
20000738,pMxEnE,I422qLdzzi5kmvfaj08urlf1w
20000739,3i10yV,7WQvFoEg4Dp8kOd2NnudGu0UB
20000740,5AWRPK,
20000741,8VARjr,VtUacmhAdn5CC5IQHw4dLh2cJ
20000742,p5S284,
20000743,22oqO1,MT502I0QAOgYwCgfYfHk9vXNi
20000744,0jyqJh,
20000745,fcZVk8,
20000746,0GmMdQ,2K7SeF93caOL3xYa7WaB4ZGzl
20000747,z1lsA7,
20000748,clU1vH,
20000749,end7LK,Kin2WD2N0OT6PC2HztaJIw8Vd
20000750,IapEKq,
20000751,LoXgqe,IOc4iYhu41H4f7zrbaKAH0sW3
20000752,fBKbRs,yOcpP9qwyoj32nNt60gAmA3Gn
20000753,Syw6tk,
20000754,hHeRTM,
20000755,3NQBRB,
20000756,KFfZ8i,
20000757,gUVJnT,nZWjkcIEEa4e0GueIJ0wZSH0b
20000758,MlywU5,f6SWGjhvixr8tpDPZ9Mm4iBDQ
20000759,zOd7NT,
20000760,QQA9w5,
20000761,gJ2xjT,7GYOCUQXCTemmPBdCYr75rOv7
20000762,EkDU8I,
20000763,sf70Cq,I13BFhcqc2wREFS2ZhM0TUjsW
20000764,wlz3Rf,
20000765,MFtiSe,z8GfevK0gyYUwKU0uIqvjFlv7
20000766,fw3fQR,
20000767,9LXTAa,
20000768,G9hd3x,
20000769,98iFeU,cMyfT7K9nJSMkcXdVwIxUobmo
20000770,mQIU5I,
20000771,4WBB0F,otwQSZoqiA0zc1Kiv2h1siaBO
20000772,k1qRb1,SKjTZMKIU3twQ4tRrFFtsWO5O
20000773,PuObrt,
20000774,KuEzzc,
20000775,yPbpzH,m2TGbMP9vY3oAYtQZOkggXklk
20000776,hsId6V,
20000777,vWNLr9,TLLKCFEm1aYq6ARDLWGbWq0Ws
20000778,xpqtL5,
20000779,ID7VP1,UnlEn8udS3eAZO3SLaACNf4oP
20000780,dwz2cs,
20000781,TbRuo1,cMzEWanZNuhy7bRE5MLyt8aej
20000782,PIXchw,
20000783,MoDBOK,
20000784,lvNaLs,8toM9slHZ3gsjPyp4K34atMnt
20000785,g1Y3hE,K71S5wWofSXHSCV39LYYUBoei
20000786,q4XYxX,
20000787,ITBXLc,
20000788,STvXR9,
20000789,SMWeOp,
20000790,x8OmKn,
20000791,mYfBRP,jVUJ9ZASyVB3eOMlV6mpxycET
20000792,3geJm2,6xhHFw4iZvGNJ7Y9Y6UK7UyXR
20000793,XHZPjK,3JKMYHbdl02otpYqLIGhwBOrN
20000794,me1aMM,
20000795,2quAVX,
20000796,NvGNSP,
20000797,9xvvZm,d8LCeldji7T7sMNVajOc4dVzu
20000798,L4eWec,iCSIlyiUmzYbxEQKj7cEaeWgS
20000799,lMQqDq,XsG6JpjVMM5i1ZLtgSQPz3SDP
20000800,beXZmk,f96ToRNj2TOoSLk0yJn1zZvUM
20000801,rJLoHW,oJov30FgbHO5mFRdR5yA44FBr
20000802,SvqXSv,
20000803,ilpVc9,
20000804,lDhtsm,tsFe67GWltSJ8lQUjm2J5OdRL
20000805,OlVTGX,HZ913k1vNAwejTVF2UFUK5d6H
20000806,lUd8NW,
20000807,Ez2ror,
20000808,ivsCA8,
20000809,bOA4SJ,
20000810,FxCoEv,kSUIoQEpDIpjRyKwdUKbkhHdu
20000811,52LgSR,OOtqbxwlm16UO8LKxMMP1hbx7
20000812,55uPry,
20000813,ERfu3H,
20000814,johM6F,
20000815,MVFF0F,d50AY6zOBEQ4EGp8CvBP3vZov
20000816,teo8xS,
20000817,m6NQXJ,2ZFXTc5qT1NEoomwuNAt4z39H
20000818,Bjzc7e,
20000819,MLGh1V,
20000820,S8EuZL,
20000821,looGC8,
20000822,9JBeBL,
20000823,ZmObD3,CXwP9cqpAz5RmiNw1yzLfUkvv
20000824,Kda3jW,
20000825,I6MDfn,
20000826,PJZzPe,
20000827,uAjExE,LsRbH6eZKMpJTXmaXuinvKlaj
20000828,TAF3gk,KE1hjD1YKCRoMTXwsKWtVEXqV
20000829,XK3a4l,
20000830,DCmhTM,
20000831,sf4U28,
20000832,1QYfzY,
20000833,FbZQuZ,WAcTKzwK1zDr64TbI4gHqPxnQ
20000834,bGLVD6,Ui4Y1P15ar526kFSPlsioJljJ
20000835,LYiqmR,
20000836,434Z7G,IPO6KwhMh1A5qoHzo5DeosUdb
20000837,6vboc7,
20000838,RjwUCC,A0zhlnCM2hO8etiiapSHrXilN
20000839,8DFhca,dMhakZEdb1rqrG9brgm6JtIbZ
20000840,SInA6i,
20000841,Mxrz9f,
20000842,7bAE3O,
20000843,9JQnmG,U1K1GCiCpZSrjcksfDeSCaa3O
20000844,pwM1SC,kZ5TTnzrnLZ1d7U9PixQkp5qd
20000845,racap3,
20000846,ovWYlT,VxftcSQbqJ89CPSBzI4ibyL27
20000847,EWWJGq,
20000848,whStvD,
20000849,XnZYdI,8lO4CEPpf65fabaNrxUeNiV3O
20000850,MnNmbX,s2enXdHv4qI5fivxBVwYdtL4Y
20000851,hjLwz1,
20000852,8WQ8aK,WEBWKVRrVzRiuSOa2UJbkjZlc
20000853,Vl8jTE,mYEAEZovDfRDV49BYWVfGeDVy
20000854,V6jfqS,CXDiKoWHVqImiTAVT7k2Bps5B
20000855,lrnJgJ,Po1wwUtQ0hP5id7VUQWeKiIM5
20000856,ifAExN,
20000857,wFOuUQ,UuN4AmQszyTRtysyHTHMk5gkU
20000858,uAB9Aq,
20000859,CXn3ZE,
20000860,eQViGB,
20000861,gooyyD,
20000862,TzLgvm,
20000863,HwravI,
20000864,ETVjyy,
20000865,Av4Xqf,
20000866,SdgkOx,c7oxbJdiyPR81B3fucs5zBfYw
20000867,uzgF42,5ua05JvG0Fk7kdymwwJHsZ3Ko
20000868,XbSDPj,
20000869,iMyO5u,
20000870,qbXcup,Ah7h5GtUgJPReqxPNC23ifU1T
20000871,4PVmLN,
20000872,zHy012,qmSw6MVtSYB2qUFdoGAHQyvJP
20000873,whiNr1,
20000874,ZDvJU3,tT4wUZiGetZezgN7F6oTDaiK7
20000875,CnabhL,srKB6BMjMgkohTT8HqCHQggbs
20000876,pRtXKT,
20000877,1G7yc1,mhcNZ4BF0CSnb5JBLOnnpYPWn
20000878,kb4BG6,
20000879,xQD7Rq,EyTnk0mVxLcf3J2qDdE0nDYEN
20000880,9spZXl,cr5Ow6ogKHLsFjl06cZ7sO0CJ
20000881,cGCTzQ,riwpYWNwrqgfWvbp2gAeW1m7d
20000882,iCjB7R,
20000883,MrV4vP,TDUhk1kGIXhHZKQgdpd6XTi1y
20000884,VbIxk1,v097qnT83PvU6mfsBAlOjo4If
20000885,Sh7ZLq,s19i3qnBlQ7mSKLieDGrY1XXi
20000886,00ES9s,yzZd7uRhNFI051Xj3ojUCXPre
20000887,23PpGP,
20000888,irdgkK,
20000889,JONlCX,jXiGKmzgwgrtglicR0Q6gOFlr
20000890,Q8vrky,
20000891,EKH5CP,
20000892,YV2awr,nCIa7wHqRhfiSW1Wspd5i5YtL
20000893,MqfJ8k,WJDkNMfGmOOvTJwzGYKBo5G2H
20000894,FVx0ra,TKpKqskZLlV4WEKOF6IMOep3H
20000895,3H9yfl,oUVSVIxEXRUaMYXtotUshX3ef
20000896,BdoHuh,BOn9bKc3ycKwQekqwc9TkYDXt
20000897,38V0BM,
20000898,N2otd8,
20000899,EQfB85,
20000900,j591pM,
20000901,WOLAtA,
20000902,57OmJL,
20000903,oTKVxV,
20000904,dl8jmS,p58IIQuoAVj9pKxPYaMFHSAw8
20000905,EWf73i,E48Xe1WpGMZUEWaaE9m0YYLpX
20000906,IRrQWS,05TMqjI1Iko72qTjuM2ea73C6
20000907,wG9mc4,
20000908,IETfkW,
20000909,Rc93gM,
20000910,hc3XXG,
20000911,EVRjTo,
20000912,HUuNqX,acR49rAwsVlhtSMuWNDzdjJCc
20000913,T0xn1O,JUaKQpPDG5ma6WSvKaPOhrmpQ
20000914,7N1H8s,
20000915,A5Phv8,
20000916,MJjP8W,aOumv8cgOsk1DiSXdXXi1qJvd
20000917,5nXown,
20000918,WDj3Qu,
20000919,DkYkYs,
20000920,5YgTWg,UNPnULXYeQMhMFxSsqo0OSNtg
20000921,N9k2B0,
20000922,wqQc7n,WFbHMD1SoftsiQ0h10h4mY1Ql
20000923,5Kb7Cv,
20000924,zsO7RF,
20000925,gN4x4l,
20000926,zfZAMN,wDAKnY1ez6EVsJlEUheC86WgM
20000927,QNMGuI,9lozkCtmIqUUKRrlpskA47kdj
20000928,L33lPZ,
20000929,B3L6Qu,vRiV6gI2Goih3E0uoTBDdybRK
20000930,TcpQmc,3bxOWqUrmgq9UI9QAOXcHYm3y
20000931,Qddh5B,qSBTVRrw5oc1N3ZrloCfWe6jM
20000932,LujyU4,
20000933,nknmXI,am4xjQvo7e4yEZVZfn2WaZ1Fk
20000934,pUUe5J,
20000935,lorJNk,t9OZtHEZwpFFjgZXKxtXqqDTP
20000936,hhBVVY,zweDkqoIyuHRrDzniOb2MrfzO
20000937,ZqFqoA,DBynZfvggMBbUDB7wgVo15Nru
20000938,NYz0Cd,
20000939,57aBHM,
20000940,DR8A6g,gnHtflZVa8wjscAqDVOwKZsfD
20000941,bKWfxH,
20000942,bSOXwE,
20000943,v4r4o6,
20000944,0fkMYJ,6T2m7ZqBzifmCOpNLf21SOmro
20000945,gkIrV5,dVbJO9eJ3afJhPbO3F3GL3jj0
20000946,VkVGue,
20000947,MDkyB1,mXRYitME8K0omzCRt2Xtn57R9
20000948,sBaEd3,XlDTL3aWU3SyxSOUPvHlqeCLJ
20000949,iB4CDS,
20000950,JzoLYf,
20000951,csfK33,
20000952,koipJ9,
20000953,l0jYR9,
20000954,PqPNi5,tvoOrA1itvjeO6H9tFmkIRCqF
20000955,hHEbrB,
20000956,C0qtZq,PTo3xeNJZRKTzbe65G40MpjOG
20000957,aqYAsU,ZNI3Heikdf93LqgoHK7wguEM5
20000958,aI5BYN,
20000959,V4CQF5,
20000960,ovjqT4,zudB1qc6pjcDGMrnwykPI6f7q
20000961,M5RYrD,
20000962,4XV5g2,c3vGxzGOu574uhryx6zwcsRXS
20000963,MGoqbe,l0LH0UZEubn5BD1YH1gKbLkmr
20000964,MW89hk,3r6jLwFEGFGqfrZdkU3Mifdrx
20000965,bBHaBX,
20000966,3w17Cm,
20000967,Zo7rm4,WTTXfO673BeryCgW0z2t5U64d
20000968,1OopQv,3ZT79pDHdNyNjAu2nwU7q9bz2
20000969,GzpIER,
20000970,vAwEQC,lI1xF1M2hWxCliExGUw3XTv4V
20000971,Pl550K,
20000972,xRjI4W,
20000973,0H72gq,
20000974,8GJWwS,
20000975,HJhqhc,TjGGGKcRMY0A6q32FBDMEQjRY
20000976,LPlhie,
20000977,yTvDaD,
20000978,2muGC0,
20000979,aGXTe8,
20000980,XJS0Qs,4YqNifJt2V3CgnwYYcYWWNYMM
20000981,V08SzY,
20000982,2E9Op2,
20000983,GRHCmj,
20000984,ZdTeqz,
20000985,tIXew7,
20000986,TFOid7,CD2qPtHSFluf4wCX8QvUEKNzj
20000987,NQpT9R,5v6bOeyqoGVaOdqi2kmSmDD5R
20000988,ldCZ0C,QpcyJLvCLW99I6BoI7AYmYUOi
20000989,VADS6Q,
20000990,Rsp5xW,ghz3s4R8xfIfpkvlrngdELuAZ
20000991,ItMFow,fphiSPNCkC0IPBJWysKf8te8D
20000992,AsjUt4,UGjlFepkwSk7T8AUURypAz9By
20000993,LklEIE,Sllv2gCpyJ6kC8btOdxYnmgep
20000994,6hCbXW,R96JuZbJK3SeBuq9ormyCcglL
20000995,bb3HJm,
20000996,adVAD2,
20000997,zCqr9a,yMWh6oPfALAEnwNgGaKV7uTBL
20000998,4mnAGs,wansaQETaH99rmz0WmRPYfFKO
20000999,3pZjC5,XwKDEukj3hFivQlldja2meTZS
